-- Realistic Egyptian inventory seed data for the Fast Investment CRM demo.
-- Deterministic UUIDs keep this migration idempotent.

insert into public.developers (
  id, name, name_ar, logo_url, website, phone, email, address, description, tier, active, city, region
) values
  (
    '11111111-1111-4111-8111-111111111111',
    'Palm Hills Developments',
    'بالم هيلز للتطوير العقاري',
    'https://images.unsplash.com/photo-1560179707-f14e90ef3623?q=80&w=256&auto=format&fit=crop',
    'https://www.palmhillsdevelopments.com',
    '+20235351200',
    'sales@palmhills.example',
    'الشيخ زايد، الجيزة',
    'مطور مصري رائد بمشروعات سكنية متكاملة في غرب القاهرة والساحل الشمالي.',
    'premium',
    true,
    'القاهرة',
    'غرب القاهرة'
  ),
  (
    '22222222-2222-4222-8222-222222222222',
    'Mountain View',
    'ماونتن فيو',
    'https://images.unsplash.com/photo-1486406146926-c627a92ad1ab?q=80&w=256&auto=format&fit=crop',
    'https://mountainviewegypt.example',
    '+20226185000',
    'sales@mountainview.example',
    'القاهرة الجديدة',
    'مطور يركز على المجتمعات السكنية ذات التصميم العصري والخدمات العائلية.',
    'premium',
    true,
    'القاهرة',
    'شرق القاهرة'
  ),
  (
    '33333333-3333-4333-8333-333333333333',
    'Tatweer Misr',
    'تطوير مصر',
    'https://images.unsplash.com/photo-1494526585095-c41746248156?q=80&w=256&auto=format&fit=crop',
    'https://tatweermisr.example',
    '+20224567800',
    'sales@tatweer.example',
    'القاهرة الجديدة',
    'مشروعات سكنية وساحلية بتخطيط مجتمعي وخدمات تشغيل طويلة الأجل.',
    'standard',
    true,
    'القاهرة',
    'القاهرة الجديدة'
  )
on conflict (id) do update set
  name = excluded.name,
  name_ar = excluded.name_ar,
  logo_url = excluded.logo_url,
  website = excluded.website,
  phone = excluded.phone,
  email = excluded.email,
  address = excluded.address,
  description = excluded.description,
  tier = excluded.tier,
  active = excluded.active,
  city = excluded.city,
  region = excluded.region;

insert into public.projects (
  id, developer_id, name, name_ar, description, location, city, latitude, longitude,
  project_type, delivery_date, total_units, available_units, min_price, max_price,
  cover_image_url, gallery_urls, amenities, status, featured, area_type, payment_years,
  down_payment_pct, commission_pct, slug
) values
  (
    'aaaaaaaa-aaaa-4aaa-8aaa-aaaaaaaaaaa1',
    '11111111-1111-4111-8111-111111111111',
    'Badya Palm Hills',
    'بادية بالم هيلز',
    'مجتمع سكني متكامل في أكتوبر الجديدة مناسب للعائلات والاستثمار طويل الأجل.',
    'أكتوبر الجديدة',
    'الجيزة',
    30.0131000,
    30.9259000,
    'residential',
    '2028-06-30',
    1250,
    280,
    3850000,
    18500000,
    'https://images.unsplash.com/photo-1600585154340-be6161a56a0c?q=80&w=1400&auto=format&fit=crop',
    array[
      'https://images.unsplash.com/photo-1600607687939-ce8a6c25118c?q=80&w=1400&auto=format&fit=crop',
      'https://images.unsplash.com/photo-1600566753190-17f0baa2a6c3?q=80&w=1400&auto=format&fit=crop'
    ],
    array['نادي اجتماعي', 'مدارس دولية', 'ممرات دراجات', 'منطقة تجارية'],
    'active',
    true,
    'october',
    8,
    10,
    3.5,
    'badya-palm-hills-demo'
  ),
  (
    'bbbbbbbb-bbbb-4bbb-8bbb-bbbbbbbbbbb2',
    '22222222-2222-4222-8222-222222222222',
    'Mountain View iCity New Cairo',
    'ماونتن فيو آي سيتي القاهرة الجديدة',
    'مشروع شرق القاهرة بتصميم مراحل متعددة ووحدات متنوعة للشباب والعائلات.',
    'التجمع الخامس',
    'القاهرة الجديدة',
    30.0135000,
    31.4913000,
    'residential',
    '2027-12-31',
    1800,
    410,
    4200000,
    24000000,
    'https://images.unsplash.com/photo-1600047509807-ba8f99d2cdde?q=80&w=1400&auto=format&fit=crop',
    array[
      'https://images.unsplash.com/photo-1600573472550-8090b5e0745e?q=80&w=1400&auto=format&fit=crop',
      'https://images.unsplash.com/photo-1600607687920-4e2a09cf159d?q=80&w=1400&auto=format&fit=crop'
    ],
    array['Club Park', 'أمن ٢٤ ساعة', 'منطقة مطاعم', 'مساحات خضراء'],
    'active',
    true,
    'new_cairo',
    9,
    5,
    4.0,
    'mountain-view-icity-new-cairo-demo'
  ),
  (
    'cccccccc-cccc-4ccc-8ccc-ccccccccccc3',
    '33333333-3333-4333-8333-333333333333',
    'Bloomfields Mostakbal City',
    'بلوم فيلدز مستقبل سيتي',
    'مشروع متعدد الاستخدامات قريب من العاصمة الإدارية ومناسب للانتقال والاستثمار.',
    'مستقبل سيتي',
    'القاهرة',
    30.0749000,
    31.6694000,
    'mixed',
    '2029-03-31',
    950,
    190,
    3200000,
    14500000,
    'https://images.unsplash.com/photo-1600566753086-00f18fb6b3ea?q=80&w=1400&auto=format&fit=crop',
    array[
      'https://images.unsplash.com/photo-1600210492486-724fe5c67fb0?q=80&w=1400&auto=format&fit=crop',
      'https://images.unsplash.com/photo-1600607688969-a5bfcd646154?q=80&w=1400&auto=format&fit=crop'
    ],
    array['جامعة', 'منطقة أعمال', 'ملاعب', 'لاند سكيب'],
    'active',
    false,
    'new_capital',
    7,
    10,
    3.0,
    'bloomfields-mostakbal-city-demo'
  )
on conflict (id) do update set
  developer_id = excluded.developer_id,
  name = excluded.name,
  name_ar = excluded.name_ar,
  description = excluded.description,
  location = excluded.location,
  city = excluded.city,
  latitude = excluded.latitude,
  longitude = excluded.longitude,
  project_type = excluded.project_type,
  delivery_date = excluded.delivery_date,
  total_units = excluded.total_units,
  available_units = excluded.available_units,
  min_price = excluded.min_price,
  max_price = excluded.max_price,
  cover_image_url = excluded.cover_image_url,
  gallery_urls = excluded.gallery_urls,
  amenities = excluded.amenities,
  status = excluded.status,
  featured = excluded.featured,
  area_type = excluded.area_type,
  payment_years = excluded.payment_years,
  down_payment_pct = excluded.down_payment_pct,
  commission_pct = excluded.commission_pct,
  slug = excluded.slug;

insert into public.units (
  id, project_id, unit_number, floor_number, building, unit_type, area_sqm, bedrooms,
  bathrooms, finishing, view, price, down_payment, monthly_installment, installment_years,
  status, floor_plan_url, virtual_tour_url, features, notes, images
) values
  (
    '90000000-0000-4000-8000-000000000001',
    'aaaaaaaa-aaaa-4aaa-8aaa-aaaaaaaaaaa1',
    'B-A12-03',
    3,
    'B',
    'apartment',
    145,
    3,
    2,
    'semi_finished',
    'حديقة داخلية',
    4850000,
    485000,
    48500,
    8,
    'available',
    'https://images.unsplash.com/photo-1600607687644-c7171b42498f?q=80&w=1400&auto=format&fit=crop',
    null,
    array['تراس', 'غرفة معيشة', 'موقف سيارة'],
    'وحدة مناسبة لعميل يبحث عن ٣ غرف في غرب القاهرة.',
    array['https://images.unsplash.com/photo-1600607687920-4e2a09cf159d?q=80&w=1400&auto=format&fit=crop']
  ),
  (
    '90000000-0000-4000-8000-000000000002',
    'aaaaaaaa-aaaa-4aaa-8aaa-aaaaaaaaaaa1',
    'V-C05',
    0,
    'Villas C',
    'villa',
    285,
    4,
    4,
    'fully_finished',
    'لاند سكيب',
    16200000,
    1620000,
    148500,
    8,
    'held',
    null,
    null,
    array['حديقة خاصة', 'غرفة مربية', 'روف'],
    'وحدة demo محتجزة لاختبار عداد الاحتجاز.',
    array['https://images.unsplash.com/photo-1600585154340-be6161a56a0c?q=80&w=1400&auto=format&fit=crop']
  ),
  (
    '90000000-0000-4000-8000-000000000003',
    'bbbbbbbb-bbbb-4bbb-8bbb-bbbbbbbbbbb2',
    'IC-7-110',
    11,
    'Cluster 7',
    'apartment',
    160,
    3,
    3,
    'semi_finished',
    'Club Park',
    6100000,
    305000,
    64000,
    9,
    'available',
    null,
    null,
    array['غرفة ناني', 'مطبخ مفتوح', 'تراس'],
    'سعر تنافسي في القاهرة الجديدة مع مقدم منخفض.',
    array['https://images.unsplash.com/photo-1600047509807-ba8f99d2cdde?q=80&w=1400&auto=format&fit=crop']
  ),
  (
    '90000000-0000-4000-8000-000000000004',
    'bbbbbbbb-bbbb-4bbb-8bbb-bbbbbbbbbbb2',
    'TH-12',
    0,
    'Townhouses',
    'townhouse',
    220,
    4,
    3,
    'core_shell',
    'شارع رئيسي',
    12800000,
    640000,
    128000,
    9,
    'reserved',
    null,
    null,
    array['مدخل خاص', 'روف', 'حديقة'],
    'محجوزة مبدئياً لعميل pipeline.',
    array['https://images.unsplash.com/photo-1600573472550-8090b5e0745e?q=80&w=1400&auto=format&fit=crop']
  ),
  (
    '90000000-0000-4000-8000-000000000005',
    'cccccccc-cccc-4ccc-8ccc-ccccccccccc3',
    'BF-2-08',
    8,
    'Residence 2',
    'studio',
    72,
    1,
    1,
    'fully_finished',
    'مفتوحة',
    3350000,
    335000,
    39800,
    7,
    'available',
    null,
    null,
    array['تشطيب كامل', 'مناسب للإيجار', 'قرب الخدمات'],
    'اختيار مناسب للاستثمار الإيجاري.',
    array['https://images.unsplash.com/photo-1600210492486-724fe5c67fb0?q=80&w=1400&auto=format&fit=crop']
  ),
  (
    '90000000-0000-4000-8000-000000000006',
    'cccccccc-cccc-4ccc-8ccc-ccccccccccc3',
    'OF-04-21',
    4,
    'Business District',
    'office',
    96,
    null,
    1,
    'core_shell',
    'منطقة أعمال',
    7200000,
    720000,
    77300,
    7,
    'available',
    null,
    null,
    array['واجهة إدارية', 'مصاعد ذكية', 'أمن'],
    'وحدة إدارية للشركات الصغيرة والمتوسطة.',
    array['https://images.unsplash.com/photo-1486406146926-c627a92ad1ab?q=80&w=1400&auto=format&fit=crop']
  )
on conflict (id) do update set
  project_id = excluded.project_id,
  unit_number = excluded.unit_number,
  floor_number = excluded.floor_number,
  building = excluded.building,
  unit_type = excluded.unit_type,
  area_sqm = excluded.area_sqm,
  bedrooms = excluded.bedrooms,
  bathrooms = excluded.bathrooms,
  finishing = excluded.finishing,
  view = excluded.view,
  price = excluded.price,
  down_payment = excluded.down_payment,
  monthly_installment = excluded.monthly_installment,
  installment_years = excluded.installment_years,
  status = excluded.status,
  floor_plan_url = excluded.floor_plan_url,
  virtual_tour_url = excluded.virtual_tour_url,
  features = excluded.features,
  notes = excluded.notes,
  images = excluded.images,
  updated_at = now();

update public.units
set held_until = now() + interval '48 hours'
where id = '90000000-0000-4000-8000-000000000002'
  and status = 'held';

insert into public.payment_plans (
  id, unit_id, name, down_payment_percentage, installment_years,
  installment_frequency, maintenance_fee_percentage, description, active
) values
  (
    'aaaaaaaa-0000-4000-8000-000000000001',
    '90000000-0000-4000-8000-000000000001',
    'خطة ٨ سنوات ١٠٪ مقدم',
    10,
    8,
    'monthly',
    8,
    'أقساط شهرية متساوية مع وديعة صيانة عند الاستلام.',
    true
  ),
  (
    'aaaaaaaa-0000-4000-8000-000000000002',
    '90000000-0000-4000-8000-000000000003',
    'خطة ٩ سنوات ٥٪ مقدم',
    5,
    9,
    'quarterly',
    7,
    'خطة مناسبة للمشترين الباحثين عن مقدم منخفض.',
    true
  ),
  (
    'aaaaaaaa-0000-4000-8000-000000000003',
    '90000000-0000-4000-8000-000000000005',
    'خطة ٧ سنوات ١٠٪ مقدم',
    10,
    7,
    'monthly',
    6,
    'تشطيب كامل وقسط شهري ثابت.',
    true
  ),
  (
    'aaaaaaaa-0000-4000-8000-000000000004',
    '90000000-0000-4000-8000-000000000006',
    'خطة إدارية ٧ سنوات',
    10,
    7,
    'quarterly',
    8,
    'أقساط ربع سنوية للوحدات الإدارية.',
    true
  )
on conflict (id) do update set
  unit_id = excluded.unit_id,
  name = excluded.name,
  down_payment_percentage = excluded.down_payment_percentage,
  installment_years = excluded.installment_years,
  installment_frequency = excluded.installment_frequency,
  maintenance_fee_percentage = excluded.maintenance_fee_percentage,
  description = excluded.description,
  active = excluded.active;
